"","year","codon","codscore","aa","AIFNratiolib1","AIFNreadslib1","AnoIFNratiolib1","AnoIFNreadslib1","AIFNratiolib2","AIFNreadslib2","AnoIFNratiolib2","AnoIFNreadslib2","AnoIFNreadslib3","AIFNreadslib3","AnoIFNratiolib3","AIFNratiolib3","AnoIFNreadssum","AIFNreadssum","AnoIFNratiosum","AIFNratiosum","CAI","CAImax","GC","codrtai","posneg"
"1",1968,"aga",-29.8470588235294,"Arg",0.0377117422,915,0.0534499976,1124,0.0486378121,26299,0.0610207157,43934,274408,41146,0.1079052868,0.053036455,319466,68360,0.0972777895,0.0509852474,1.1243483275,1.3279123414,0.3333333333,-0.646034370680263,-1
"2",1968,"agg",9.92941176470588,"Arg",0.6623665664,16071,0.679395121,14287,0.6181509161,334241,0.6279436377,452110,606390,239075,0.2384503617,0.3081633811,1072787,589387,0.3266649594,0.4395851668,0.895017301,1.3279123414,0.6666666667,0.29689642281068,1
"3",1968,"ata",15.7764705882353,"Ile",0.0130602199,329,0.0106334636,234,0.0114886138,10210,0.0105678836,11593,5288,1369,0.0014871988,0.0013957695,17115,11908,0.0036612077,0.0062848403,0.1130120482,1.6563645888,0,0.540347366351871,1
"4",1968,"cgc",-2.89411764705882,"Arg",0.0331780901,805,0.0327167245,688,0.0448890442,24272,0.0419425405,30198,329801,62016,0.1296874416,0.0799375102,360687,87093,0.1098296346,0.0649569653,1.3279123414,1.3279123414,1,-0.525205410513584,-1
"5",1968,"cgt",-1.07058823529412,"Arg",0.0331780901,805,0.0327167245,688,0.0448890442,24272,0.0419425405,30198,329801,62016,0.1296874416,0.0799375102,360687,87093,0.1098296346,0.0649569653,1.0112341407,1.3279123414,0.6666666667,-0.525205410513584,-1
"6",1968,"ctg",-10.9764705882353,"Leu",0.1384035629,1212,0.1581871577,1993,0.1477875594,25517,0.1744262223,63900,299354,29162,0.1702600818,0.1129067228,365247,55891,0.170903054,0.127111378,2.6432692863,2.6432692863,0.6666666667,-0.296032765809681,-1
"7",1968,"gaa",-26.0588235294118,"Glu",0.2008647562,19976,0.238943369,15911,0.1664986589,313492,0.1870687928,359506,2631799,1106601,0.2588906005,0.1732274183,3007216,1440069,0.2474249333,0.1720422104,0.8614367686,1.1425632314,0.3333333333,-0.363367380198237,-1
"8",1968,"gcc",10.9176470588235,"Ala",0.2419026291,56171,0.2403274625,41686,0.1956735866,405855,0.1942757283,435457,296772,38187,0.1149575512,0.0994069994,773915,500213,0.154892292,0.1859185072,1.756818599,1.756818599,1,0.182578459322936,1
"9",1968,"gct",10.9647058823529,"Ala",0.2419026291,56171,0.2403274625,41686,0.1956735866,405855,0.1942757283,435457,296772,38187,0.1149575512,0.0994069994,773915,500213,0.154892292,0.1859185072,1.4119700214,1.756818599,0.6666666667,0.182578459322936,1
"10",1968,"tta",-8.97647058823529,"Leu",0.0010277492,9,0.00230177,29,0.0013610564,235,0.0018862053,691,1482,98,0.0008428998,0.0003794273,2202,342,0.0010303398,0.0007778013,0.1323028027,2.6432692863,0,-0.281172836629235,-1
"11",1991,"aga",-25.0789473684211,"Arg",0.0377117422,915,0.0534499976,1124,0.0486378121,26299,0.0610207157,43934,274408,41146,0.1079052868,0.053036455,319466,68360,0.0972777895,0.0509852474,1.1243483275,1.3279123414,0.3333333333,-0.646034370680263,-1
"12",1991,"agg",12.2631578947368,"Arg",0.6623665664,16071,0.679395121,14287,0.6181509161,334241,0.6279436377,452110,606390,239075,0.2384503617,0.3081633811,1072787,589387,0.3266649594,0.4395851668,0.895017301,1.3279123414,0.6666666667,0.29689642281068,1
"13",1991,"ata",18.0263157894737,"Ile",0.0130602199,329,0.0106334636,234,0.0114886138,10210,0.0105678836,11593,5288,1369,0.0014871988,0.0013957695,17115,11908,0.0036612077,0.0062848403,0.1130120482,1.6563645888,0,0.540347366351871,1
"14",1991,"cgc",-3,"Arg",0.0331780901,805,0.0327167245,688,0.0448890442,24272,0.0419425405,30198,329801,62016,0.1296874416,0.0799375102,360687,87093,0.1098296346,0.0649569653,1.3279123414,1.3279123414,1,-0.525205410513584,-1
"15",1991,"cgt",0,"Arg",0.0331780901,805,0.0327167245,688,0.0448890442,24272,0.0419425405,30198,329801,62016,0.1296874416,0.0799375102,360687,87093,0.1098296346,0.0649569653,1.0112341407,1.3279123414,0.6666666667,-0.525205410513584,-1
"16",1991,"ctg",-9.07894736842105,"Leu",0.1384035629,1212,0.1581871577,1993,0.1477875594,25517,0.1744262223,63900,299354,29162,0.1702600818,0.1129067228,365247,55891,0.170903054,0.127111378,2.6432692863,2.6432692863,0.6666666667,-0.296032765809681,-1
"17",1991,"gaa",-25.1052631578947,"Glu",0.2008647562,19976,0.238943369,15911,0.1664986589,313492,0.1870687928,359506,2631799,1106601,0.2588906005,0.1732274183,3007216,1440069,0.2474249333,0.1720422104,0.8614367686,1.1425632314,0.3333333333,-0.363367380198237,-1
"18",1991,"gcc",11.4736842105263,"Ala",0.2419026291,56171,0.2403274625,41686,0.1956735866,405855,0.1942757283,435457,296772,38187,0.1149575512,0.0994069994,773915,500213,0.154892292,0.1859185072,1.756818599,1.756818599,1,0.182578459322936,1
"19",1991,"gct",8.5,"Ala",0.2419026291,56171,0.2403274625,41686,0.1956735866,405855,0.1942757283,435457,296772,38187,0.1149575512,0.0994069994,773915,500213,0.154892292,0.1859185072,1.4119700214,1.756818599,0.6666666667,0.182578459322936,1
"20",1991,"tta",-8.52631578947368,"Leu",0.0010277492,9,0.00230177,29,0.0013610564,235,0.0018862053,691,1482,98,0.0008428998,0.0003794273,2202,342,0.0010303398,0.0007778013,0.1323028027,2.6432692863,0,-0.281172836629235,-1
"21",2015,"aga",-25.0503464203233,"Arg",0.0377117422,915,0.0534499976,1124,0.0486378121,26299,0.0610207157,43934,274408,41146,0.1079052868,0.053036455,319466,68360,0.0972777895,0.0509852474,1.1243483275,1.3279123414,0.3333333333,-0.646034370680263,-1
"22",2015,"agg",15.9487297921478,"Arg",0.6623665664,16071,0.679395121,14287,0.6181509161,334241,0.6279436377,452110,606390,239075,0.2384503617,0.3081633811,1072787,589387,0.3266649594,0.4395851668,0.895017301,1.3279123414,0.6666666667,0.29689642281068,1
"23",2015,"ata",18.2997690531178,"Ile",0.0130602199,329,0.0106334636,234,0.0114886138,10210,0.0105678836,11593,5288,1369,0.0014871988,0.0013957695,17115,11908,0.0036612077,0.0062848403,0.1130120482,1.6563645888,0,0.540347366351871,1
"24",2015,"cgc",-1.99630484988453,"Arg",0.0331780901,805,0.0327167245,688,0.0448890442,24272,0.0419425405,30198,329801,62016,0.1296874416,0.0799375102,360687,87093,0.1098296346,0.0649569653,1.3279123414,1.3279123414,1,-0.525205410513584,-1
"25",2015,"cgt",-0.0046189376443418,"Arg",0.0331780901,805,0.0327167245,688,0.0448890442,24272,0.0419425405,30198,329801,62016,0.1296874416,0.0799375102,360687,87093,0.1098296346,0.0649569653,1.0112341407,1.3279123414,0.6666666667,-0.525205410513584,-1
"26",2015,"ctg",-10.7745958429561,"Leu",0.1384035629,1212,0.1581871577,1993,0.1477875594,25517,0.1744262223,63900,299354,29162,0.1702600818,0.1129067228,365247,55891,0.170903054,0.127111378,2.6432692863,2.6432692863,0.6666666667,-0.296032765809681,-1
"27",2015,"gaa",-27.1441108545035,"Glu",0.2008647562,19976,0.238943369,15911,0.1664986589,313492,0.1870687928,359506,2631799,1106601,0.2588906005,0.1732274183,3007216,1440069,0.2474249333,0.1720422104,0.8614367686,1.1425632314,0.3333333333,-0.363367380198237,-1
"28",2015,"gcc",12.9145496535797,"Ala",0.2419026291,56171,0.2403274625,41686,0.1956735866,405855,0.1942757283,435457,296772,38187,0.1149575512,0.0994069994,773915,500213,0.154892292,0.1859185072,1.756818599,1.756818599,1,0.182578459322936,1
"29",2015,"gct",9.04434180138568,"Ala",0.2419026291,56171,0.2403274625,41686,0.1956735866,405855,0.1942757283,435457,296772,38187,0.1149575512,0.0994069994,773915,500213,0.154892292,0.1859185072,1.4119700214,1.756818599,0.6666666667,0.182578459322936,1
"30",2015,"tta",-10.0013856812933,"Leu",0.0010277492,9,0.00230177,29,0.0013610564,235,0.0018862053,691,1482,98,0.0008428998,0.0003794273,2202,342,0.0010303398,0.0007778013,0.1323028027,2.6432692863,0,-0.281172836629235,-1
